{"version": 2, "name": "gp-auto-tunisia", "builds": [{"src": "backend/server-supabase.js", "use": "@vercel/node", "config": {"includeFiles": ["backend/**"]}}, {"src": "index.html", "use": "@vercel/static"}, {"src": "admin.html", "use": "@vercel/static"}, {"src": "styles/**", "use": "@vercel/static"}, {"src": "scripts/**", "use": "@vercel/static"}], "routes": [{"src": "/api/(.*)", "dest": "backend/server-supabase.js"}, {"src": "/admin.html", "dest": "/admin.html"}, {"src": "/index.html", "dest": "/index.html"}, {"src": "/(.*)", "dest": "/index.html"}], "headers": [{"source": "/(.*)", "headers": [{"key": "X-Content-Type-Options", "value": "nosniff"}, {"key": "X-Frame-Options", "value": "DENY"}, {"key": "X-XSS-Protection", "value": "1; mode=block"}, {"key": "Referrer-Policy", "value": "strict-origin-when-cross-origin"}]}], "functions": {"backend/server-supabase.js": {"runtime": "nodejs18.x"}}}