{
  "name": "gp-auto-backend",
  "version": "1.0.0",
  "description": "Backend API pour le site e-commerce GP AUTO - Pièces automobiles Tunisie (Supabase Edition)",
  "main": "server-supabase.js",
  "scripts": {
    "start": "node server-supabase.js",
    "dev": "nodemon server-supabase.js",
    "test": "echo \"Tests backend GP AUTO Supabase\" && exit 0",
    "migrate": "echo \"Migration automatique via Supabase SQL Editor\""
  },
  "keywords": [
    "ecommerce",
    "automotive", 
    "parts",
    "tunisia",
    "api",
    "nodejs",
    "express",
    "supabase",
    "postgresql"
  ],
  "author": "MiniMax Agent",
  "license": "MIT",
  "dependencies": {
    "express": "^4.18.2",
    "@supabase/supabase-js": "^2.38.0",
    "cors": "^2.8.5"
  },
  "devDependencies": {
    "nodemon": "^3.0.1"
  },
  "engines": {
    "node": ">=18.0.0"
  },
  "engines-strict": true
}